{"web":{"client_id":"881834234291-po02klp5104t4or9cbtgbtj9le0jqk1a.apps.googleusercontent.com","project_id":"controlcoser-1742311179611","auth_uri":"https://accounts.google.com/o/oauth2/auth","token_uri":"https://oauth2.googleapis.com/token","auth_provider_x509_cert_url":"https://www.googleapis.com/oauth2/v1/certs","client_secret":"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","redirect_uris":["http://localhost/app_duv/","https://controlcoser.onrender.com/"],"javascript_origins":["http://localhost","https://controlcoser.onrender.com"]}}